uavsar_path,flood_mask_path
2025_Tile_Data/Only_PNG_Data/fp7/UAVSAR/tile_30_72.tif,2025_Tile_Data/Only_PNG_Data/fp7/flood_mask/tile_30_72.tif
2025_Tile_Data/Only_PNG_Data/fp5/UAVSAR/tile_31_16.tif,2025_Tile_Data/Only_PNG_Data/fp5/flood_mask/tile_31_16.tif
2025_Tile_Data/Only_PNG_Data/fp7/UAVSAR/tile_35_76.tif,2025_Tile_Data/Only_PNG_Data/fp7/flood_mask/tile_35_76.tif
2025_Tile_Data/Only_PNG_Data/fp1/UAVSAR/tile_22_53.tif,2025_Tile_Data/Only_PNG_Data/fp1/flood_mask/tile_22_53.tif
2025_Tile_Data/Only_PNG_Data/fp4/UAVSAR/tile_31_24.tif,2025_Tile_Data/Only_PNG_Data/fp4/flood_mask/tile_31_24.tif
2025_Tile_Data/Only_PNG_Data/fp1/UAVSAR/tile_33_56.tif,2025_Tile_Data/Only_PNG_Data/fp1/flood_mask/tile_33_56.tif
2025_Tile_Data/Only_PNG_Data/fp4/UAVSAR/tile_41_32.tif,2025_Tile_Data/Only_PNG_Data/fp4/flood_mask/tile_41_32.tif
2025_Tile_Data/Only_PNG_Data/fp5/UAVSAR/tile_50_32.tif,2025_Tile_Data/Only_PNG_Data/fp5/flood_mask/tile_50_32.tif
2025_Tile_Data/Only_PNG_Data/fp3/UAVSAR/tile_30_28.tif,2025_Tile_Data/Only_PNG_Data/fp3/flood_mask/tile_30_28.tif
2025_Tile_Data/Only_PNG_Data/fp6/UAVSAR/tile_35_27.tif,2025_Tile_Data/Only_PNG_Data/fp6/flood_mask/tile_35_27.tif
2025_Tile_Data/Only_PNG_Data/fp1/UAVSAR/tile_11_50.tif,2025_Tile_Data/Only_PNG_Data/fp1/flood_mask/tile_11_50.tif
2025_Tile_Data/Only_PNG_Data/fp7/UAVSAR/tile_33_74.tif,2025_Tile_Data/Only_PNG_Data/fp7/flood_mask/tile_33_74.tif
2025_Tile_Data/Only_PNG_Data/fp6/UAVSAR/tile_26_19.tif,2025_Tile_Data/Only_PNG_Data/fp6/flood_mask/tile_26_19.tif
2025_Tile_Data/Only_PNG_Data/fp7/UAVSAR/tile_30_71.tif,2025_Tile_Data/Only_PNG_Data/fp7/flood_mask/tile_30_71.tif
2025_Tile_Data/Only_PNG_Data/fp7/UAVSAR/tile_29_69.tif,2025_Tile_Data/Only_PNG_Data/fp7/flood_mask/tile_29_69.tif
2025_Tile_Data/Only_PNG_Data/fp5/UAVSAR/tile_47_34.tif,2025_Tile_Data/Only_PNG_Data/fp5/flood_mask/tile_47_34.tif
2025_Tile_Data/Only_PNG_Data/fp6/UAVSAR/tile_42_35.tif,2025_Tile_Data/Only_PNG_Data/fp6/flood_mask/tile_42_35.tif
2025_Tile_Data/Only_PNG_Data/fp2/UAVSAR/tile_24_45.tif,2025_Tile_Data/Only_PNG_Data/fp2/flood_mask/tile_24_45.tif
2025_Tile_Data/Only_PNG_Data/fp1/UAVSAR/tile_35_59.tif,2025_Tile_Data/Only_PNG_Data/fp1/flood_mask/tile_35_59.tif
2025_Tile_Data/Only_PNG_Data/fp4/UAVSAR/tile_35_24.tif,2025_Tile_Data/Only_PNG_Data/fp4/flood_mask/tile_35_24.tif
2025_Tile_Data/Only_PNG_Data/fp1/UAVSAR/tile_7_49.tif,2025_Tile_Data/Only_PNG_Data/fp1/flood_mask/tile_7_49.tif
2025_Tile_Data/Only_PNG_Data/fp5/UAVSAR/tile_36_23.tif,2025_Tile_Data/Only_PNG_Data/fp5/flood_mask/tile_36_23.tif
2025_Tile_Data/Only_PNG_Data/fp7/UAVSAR/tile_31_70.tif,2025_Tile_Data/Only_PNG_Data/fp7/flood_mask/tile_31_70.tif
2025_Tile_Data/Only_PNG_Data/fp2/UAVSAR/tile_37_45.tif,2025_Tile_Data/Only_PNG_Data/fp2/flood_mask/tile_37_45.tif
2025_Tile_Data/Only_PNG_Data/fp5/UAVSAR/tile_40_28.tif,2025_Tile_Data/Only_PNG_Data/fp5/flood_mask/tile_40_28.tif
2025_Tile_Data/Only_PNG_Data/fp3/UAVSAR/tile_40_43.tif,2025_Tile_Data/Only_PNG_Data/fp3/flood_mask/tile_40_43.tif
2025_Tile_Data/Only_PNG_Data/fp2/UAVSAR/tile_41_45.tif,2025_Tile_Data/Only_PNG_Data/fp2/flood_mask/tile_41_45.tif
2025_Tile_Data/Only_PNG_Data/fp2/UAVSAR/tile_24_44.tif,2025_Tile_Data/Only_PNG_Data/fp2/flood_mask/tile_24_44.tif
2025_Tile_Data/Only_PNG_Data/fp7/UAVSAR/tile_16_56.tif,2025_Tile_Data/Only_PNG_Data/fp7/flood_mask/tile_16_56.tif
2025_Tile_Data/Only_PNG_Data/fp3/UAVSAR/tile_33_31.tif,2025_Tile_Data/Only_PNG_Data/fp3/flood_mask/tile_33_31.tif
2025_Tile_Data/Only_PNG_Data/fp2/UAVSAR/tile_29_44.tif,2025_Tile_Data/Only_PNG_Data/fp2/flood_mask/tile_29_44.tif
2025_Tile_Data/Only_PNG_Data/fp6/UAVSAR/tile_47_41.tif,2025_Tile_Data/Only_PNG_Data/fp6/flood_mask/tile_47_41.tif
2025_Tile_Data/Only_PNG_Data/fp4/UAVSAR/tile_39_31.tif,2025_Tile_Data/Only_PNG_Data/fp4/flood_mask/tile_39_31.tif
2025_Tile_Data/Only_PNG_Data/fp5/UAVSAR/tile_43_26.tif,2025_Tile_Data/Only_PNG_Data/fp5/flood_mask/tile_43_26.tif
2025_Tile_Data/Only_PNG_Data/fp3/UAVSAR/tile_45_47.tif,2025_Tile_Data/Only_PNG_Data/fp3/flood_mask/tile_45_47.tif
2025_Tile_Data/Only_PNG_Data/fp3/UAVSAR/tile_40_41.tif,2025_Tile_Data/Only_PNG_Data/fp3/flood_mask/tile_40_41.tif
2025_Tile_Data/Only_PNG_Data/fp7/UAVSAR/tile_13_58.tif,2025_Tile_Data/Only_PNG_Data/fp7/flood_mask/tile_13_58.tif
2025_Tile_Data/Only_PNG_Data/fp6/UAVSAR/tile_41_32.tif,2025_Tile_Data/Only_PNG_Data/fp6/flood_mask/tile_41_32.tif
2025_Tile_Data/Only_PNG_Data/fp1/UAVSAR/tile_13_50.tif,2025_Tile_Data/Only_PNG_Data/fp1/flood_mask/tile_13_50.tif
2025_Tile_Data/Only_PNG_Data/fp7/UAVSAR/tile_35_72.tif,2025_Tile_Data/Only_PNG_Data/fp7/flood_mask/tile_35_72.tif
2025_Tile_Data/Only_PNG_Data/fp7/UAVSAR/tile_19_63.tif,2025_Tile_Data/Only_PNG_Data/fp7/flood_mask/tile_19_63.tif
2025_Tile_Data/Only_PNG_Data/fp4/UAVSAR/tile_35_27.tif,2025_Tile_Data/Only_PNG_Data/fp4/flood_mask/tile_35_27.tif
2025_Tile_Data/Only_PNG_Data/fp1/UAVSAR/tile_32_56.tif,2025_Tile_Data/Only_PNG_Data/fp1/flood_mask/tile_32_56.tif
2025_Tile_Data/Only_PNG_Data/fp6/UAVSAR/tile_45_39.tif,2025_Tile_Data/Only_PNG_Data/fp6/flood_mask/tile_45_39.tif
2025_Tile_Data/Only_PNG_Data/fp4/UAVSAR/tile_29_21.tif,2025_Tile_Data/Only_PNG_Data/fp4/flood_mask/tile_29_21.tif
2025_Tile_Data/Only_PNG_Data/fp6/UAVSAR/tile_29_23.tif,2025_Tile_Data/Only_PNG_Data/fp6/flood_mask/tile_29_23.tif
2025_Tile_Data/Only_PNG_Data/fp4/UAVSAR/tile_29_23.tif,2025_Tile_Data/Only_PNG_Data/fp4/flood_mask/tile_29_23.tif
2025_Tile_Data/Only_PNG_Data/fp4/UAVSAR/tile_42_31.tif,2025_Tile_Data/Only_PNG_Data/fp4/flood_mask/tile_42_31.tif
2025_Tile_Data/Only_PNG_Data/fp4/UAVSAR/tile_38_28.tif,2025_Tile_Data/Only_PNG_Data/fp4/flood_mask/tile_38_28.tif
2025_Tile_Data/Only_PNG_Data/fp6/UAVSAR/tile_43_34.tif,2025_Tile_Data/Only_PNG_Data/fp6/flood_mask/tile_43_34.tif
2025_Tile_Data/Only_PNG_Data/fp5/UAVSAR/tile_35_24.tif,2025_Tile_Data/Only_PNG_Data/fp5/flood_mask/tile_35_24.tif
2025_Tile_Data/Only_PNG_Data/fp4/UAVSAR/tile_36_23.tif,2025_Tile_Data/Only_PNG_Data/fp4/flood_mask/tile_36_23.tif
2025_Tile_Data/Only_PNG_Data/fp2/UAVSAR/tile_31_45.tif,2025_Tile_Data/Only_PNG_Data/fp2/flood_mask/tile_31_45.tif
2025_Tile_Data/Only_PNG_Data/fp4/UAVSAR/tile_44_31.tif,2025_Tile_Data/Only_PNG_Data/fp4/flood_mask/tile_44_31.tif
2025_Tile_Data/Only_PNG_Data/fp2/UAVSAR/tile_44_48.tif,2025_Tile_Data/Only_PNG_Data/fp2/flood_mask/tile_44_48.tif
2025_Tile_Data/Only_PNG_Data/fp2/UAVSAR/tile_40_48.tif,2025_Tile_Data/Only_PNG_Data/fp2/flood_mask/tile_40_48.tif
2025_Tile_Data/Only_PNG_Data/fp1/UAVSAR/tile_18_50.tif,2025_Tile_Data/Only_PNG_Data/fp1/flood_mask/tile_18_50.tif
2025_Tile_Data/Only_PNG_Data/fp2/UAVSAR/tile_44_49.tif,2025_Tile_Data/Only_PNG_Data/fp2/flood_mask/tile_44_49.tif
2025_Tile_Data/Only_PNG_Data/fp5/UAVSAR/tile_44_31.tif,2025_Tile_Data/Only_PNG_Data/fp5/flood_mask/tile_44_31.tif
2025_Tile_Data/Only_PNG_Data/fp7/UAVSAR/tile_30_69.tif,2025_Tile_Data/Only_PNG_Data/fp7/flood_mask/tile_30_69.tif
2025_Tile_Data/Only_PNG_Data/fp5/UAVSAR/tile_41_25.tif,2025_Tile_Data/Only_PNG_Data/fp5/flood_mask/tile_41_25.tif
2025_Tile_Data/Only_PNG_Data/fp1/UAVSAR/tile_35_56.tif,2025_Tile_Data/Only_PNG_Data/fp1/flood_mask/tile_35_56.tif
2025_Tile_Data/Only_PNG_Data/fp2/UAVSAR/tile_45_45.tif,2025_Tile_Data/Only_PNG_Data/fp2/flood_mask/tile_45_45.tif
2025_Tile_Data/Only_PNG_Data/fp7/UAVSAR/tile_34_73.tif,2025_Tile_Data/Only_PNG_Data/fp7/flood_mask/tile_34_73.tif
2025_Tile_Data/Only_PNG_Data/fp5/UAVSAR/tile_41_26.tif,2025_Tile_Data/Only_PNG_Data/fp5/flood_mask/tile_41_26.tif
2025_Tile_Data/Only_PNG_Data/fp3/UAVSAR/tile_27_27.tif,2025_Tile_Data/Only_PNG_Data/fp3/flood_mask/tile_27_27.tif
2025_Tile_Data/Only_PNG_Data/fp6/UAVSAR/tile_30_28.tif,2025_Tile_Data/Only_PNG_Data/fp6/flood_mask/tile_30_28.tif
2025_Tile_Data/Only_PNG_Data/fp4/UAVSAR/tile_47_34.tif,2025_Tile_Data/Only_PNG_Data/fp4/flood_mask/tile_47_34.tif
2025_Tile_Data/Only_PNG_Data/fp6/UAVSAR/tile_29_28.tif,2025_Tile_Data/Only_PNG_Data/fp6/flood_mask/tile_29_28.tif
2025_Tile_Data/Only_PNG_Data/fp7/UAVSAR/tile_33_72.tif,2025_Tile_Data/Only_PNG_Data/fp7/flood_mask/tile_33_72.tif
2025_Tile_Data/Only_PNG_Data/fp5/UAVSAR/tile_33_21.tif,2025_Tile_Data/Only_PNG_Data/fp5/flood_mask/tile_33_21.tif
2025_Tile_Data/Only_PNG_Data/fp5/UAVSAR/tile_42_29.tif,2025_Tile_Data/Only_PNG_Data/fp5/flood_mask/tile_42_29.tif
2025_Tile_Data/Only_PNG_Data/fp6/UAVSAR/tile_39_31.tif,2025_Tile_Data/Only_PNG_Data/fp6/flood_mask/tile_39_31.tif
2025_Tile_Data/Only_PNG_Data/fp5/UAVSAR/tile_31_19.tif,2025_Tile_Data/Only_PNG_Data/fp5/flood_mask/tile_31_19.tif
2025_Tile_Data/Only_PNG_Data/fp6/UAVSAR/tile_46_41.tif,2025_Tile_Data/Only_PNG_Data/fp6/flood_mask/tile_46_41.tif
2025_Tile_Data/Only_PNG_Data/fp2/UAVSAR/tile_23_43.tif,2025_Tile_Data/Only_PNG_Data/fp2/flood_mask/tile_23_43.tif
2025_Tile_Data/Only_PNG_Data/fp5/UAVSAR/tile_38_20.tif,2025_Tile_Data/Only_PNG_Data/fp5/flood_mask/tile_38_20.tif
2025_Tile_Data/Only_PNG_Data/fp7/UAVSAR/tile_31_72.tif,2025_Tile_Data/Only_PNG_Data/fp7/flood_mask/tile_31_72.tif
2025_Tile_Data/Only_PNG_Data/fp1/UAVSAR/tile_9_48.tif,2025_Tile_Data/Only_PNG_Data/fp1/flood_mask/tile_9_48.tif
2025_Tile_Data/Only_PNG_Data/fp4/UAVSAR/tile_39_30.tif,2025_Tile_Data/Only_PNG_Data/fp4/flood_mask/tile_39_30.tif
2025_Tile_Data/Only_PNG_Data/fp3/UAVSAR/tile_26_23.tif,2025_Tile_Data/Only_PNG_Data/fp3/flood_mask/tile_26_23.tif
2025_Tile_Data/Only_PNG_Data/fp4/UAVSAR/tile_42_35.tif,2025_Tile_Data/Only_PNG_Data/fp4/flood_mask/tile_42_35.tif
2025_Tile_Data/Only_PNG_Data/fp4/UAVSAR/tile_43_34.tif,2025_Tile_Data/Only_PNG_Data/fp4/flood_mask/tile_43_34.tif
2025_Tile_Data/Only_PNG_Data/fp2/UAVSAR/tile_39_45.tif,2025_Tile_Data/Only_PNG_Data/fp2/flood_mask/tile_39_45.tif
2025_Tile_Data/Only_PNG_Data/fp5/UAVSAR/tile_37_22.tif,2025_Tile_Data/Only_PNG_Data/fp5/flood_mask/tile_37_22.tif
2025_Tile_Data/Only_PNG_Data/fp5/UAVSAR/tile_35_23.tif,2025_Tile_Data/Only_PNG_Data/fp5/flood_mask/tile_35_23.tif
2025_Tile_Data/Only_PNG_Data/fp6/UAVSAR/tile_38_29.tif,2025_Tile_Data/Only_PNG_Data/fp6/flood_mask/tile_38_29.tif
2025_Tile_Data/Only_PNG_Data/fp2/UAVSAR/tile_23_44.tif,2025_Tile_Data/Only_PNG_Data/fp2/flood_mask/tile_23_44.tif
2025_Tile_Data/Only_PNG_Data/fp7/UAVSAR/tile_28_66.tif,2025_Tile_Data/Only_PNG_Data/fp7/flood_mask/tile_28_66.tif
2025_Tile_Data/Only_PNG_Data/fp3/UAVSAR/tile_32_31.tif,2025_Tile_Data/Only_PNG_Data/fp3/flood_mask/tile_32_31.tif
2025_Tile_Data/Only_PNG_Data/fp1/UAVSAR/tile_39_57.tif,2025_Tile_Data/Only_PNG_Data/fp1/flood_mask/tile_39_57.tif
2025_Tile_Data/Only_PNG_Data/fp3/UAVSAR/tile_33_35.tif,2025_Tile_Data/Only_PNG_Data/fp3/flood_mask/tile_33_35.tif
2025_Tile_Data/Only_PNG_Data/fp6/UAVSAR/tile_42_33.tif,2025_Tile_Data/Only_PNG_Data/fp6/flood_mask/tile_42_33.tif
2025_Tile_Data/Only_PNG_Data/fp3/UAVSAR/tile_39_40.tif,2025_Tile_Data/Only_PNG_Data/fp3/flood_mask/tile_39_40.tif
2025_Tile_Data/Only_PNG_Data/fp3/UAVSAR/tile_45_41.tif,2025_Tile_Data/Only_PNG_Data/fp3/flood_mask/tile_45_41.tif
2025_Tile_Data/Only_PNG_Data/fp5/UAVSAR/tile_43_31.tif,2025_Tile_Data/Only_PNG_Data/fp5/flood_mask/tile_43_31.tif
2025_Tile_Data/Only_PNG_Data/fp1/UAVSAR/tile_27_57.tif,2025_Tile_Data/Only_PNG_Data/fp1/flood_mask/tile_27_57.tif
2025_Tile_Data/Only_PNG_Data/fp6/UAVSAR/tile_31_30.tif,2025_Tile_Data/Only_PNG_Data/fp6/flood_mask/tile_31_30.tif
2025_Tile_Data/Only_PNG_Data/fp6/UAVSAR/tile_29_20.tif,2025_Tile_Data/Only_PNG_Data/fp6/flood_mask/tile_29_20.tif
2025_Tile_Data/Only_PNG_Data/fp6/UAVSAR/tile_36_32.tif,2025_Tile_Data/Only_PNG_Data/fp6/flood_mask/tile_36_32.tif
2025_Tile_Data/Only_PNG_Data/fp4/UAVSAR/tile_31_21.tif,2025_Tile_Data/Only_PNG_Data/fp4/flood_mask/tile_31_21.tif
2025_Tile_Data/Only_PNG_Data/fp1/UAVSAR/tile_31_56.tif,2025_Tile_Data/Only_PNG_Data/fp1/flood_mask/tile_31_56.tif
2025_Tile_Data/Only_PNG_Data/fp7/UAVSAR/tile_27_66.tif,2025_Tile_Data/Only_PNG_Data/fp7/flood_mask/tile_27_66.tif
2025_Tile_Data/Only_PNG_Data/fp1/UAVSAR/tile_30_54.tif,2025_Tile_Data/Only_PNG_Data/fp1/flood_mask/tile_30_54.tif
2025_Tile_Data/Only_PNG_Data/fp5/UAVSAR/tile_39_26.tif,2025_Tile_Data/Only_PNG_Data/fp5/flood_mask/tile_39_26.tif
2025_Tile_Data/Only_PNG_Data/fp2/UAVSAR/tile_33_44.tif,2025_Tile_Data/Only_PNG_Data/fp2/flood_mask/tile_33_44.tif
2025_Tile_Data/Only_PNG_Data/fp5/UAVSAR/tile_44_26.tif,2025_Tile_Data/Only_PNG_Data/fp5/flood_mask/tile_44_26.tif
2025_Tile_Data/Only_PNG_Data/fp2/UAVSAR/tile_45_46.tif,2025_Tile_Data/Only_PNG_Data/fp2/flood_mask/tile_45_46.tif
2025_Tile_Data/Only_PNG_Data/fp3/UAVSAR/tile_28_29.tif,2025_Tile_Data/Only_PNG_Data/fp3/flood_mask/tile_28_29.tif
2025_Tile_Data/Only_PNG_Data/fp3/UAVSAR/tile_28_28.tif,2025_Tile_Data/Only_PNG_Data/fp3/flood_mask/tile_28_28.tif
2025_Tile_Data/Only_PNG_Data/fp6/UAVSAR/tile_30_29.tif,2025_Tile_Data/Only_PNG_Data/fp6/flood_mask/tile_30_29.tif
2025_Tile_Data/Only_PNG_Data/fp1/UAVSAR/tile_26_55.tif,2025_Tile_Data/Only_PNG_Data/fp1/flood_mask/tile_26_55.tif
2025_Tile_Data/Only_PNG_Data/fp7/UAVSAR/tile_32_72.tif,2025_Tile_Data/Only_PNG_Data/fp7/flood_mask/tile_32_72.tif
2025_Tile_Data/Only_PNG_Data/fp7/UAVSAR/tile_33_70.tif,2025_Tile_Data/Only_PNG_Data/fp7/flood_mask/tile_33_70.tif
2025_Tile_Data/Only_PNG_Data/fp5/UAVSAR/tile_43_27.tif,2025_Tile_Data/Only_PNG_Data/fp5/flood_mask/tile_43_27.tif
2025_Tile_Data/Only_PNG_Data/fp6/UAVSAR/tile_43_36.tif,2025_Tile_Data/Only_PNG_Data/fp6/flood_mask/tile_43_36.tif
2025_Tile_Data/Only_PNG_Data/fp7/UAVSAR/tile_28_68.tif,2025_Tile_Data/Only_PNG_Data/fp7/flood_mask/tile_28_68.tif
2025_Tile_Data/Only_PNG_Data/fp1/UAVSAR/tile_17_50.tif,2025_Tile_Data/Only_PNG_Data/fp1/flood_mask/tile_17_50.tif
2025_Tile_Data/Only_PNG_Data/fp1/UAVSAR/tile_37_60.tif,2025_Tile_Data/Only_PNG_Data/fp1/flood_mask/tile_37_60.tif
2025_Tile_Data/Only_PNG_Data/fp5/UAVSAR/tile_47_35.tif,2025_Tile_Data/Only_PNG_Data/fp5/flood_mask/tile_47_35.tif
2025_Tile_Data/Only_PNG_Data/fp4/UAVSAR/tile_42_32.tif,2025_Tile_Data/Only_PNG_Data/fp4/flood_mask/tile_42_32.tif
2025_Tile_Data/Only_PNG_Data/fp1/UAVSAR/tile_7_50.tif,2025_Tile_Data/Only_PNG_Data/fp1/flood_mask/tile_7_50.tif
2025_Tile_Data/Only_PNG_Data/fp7/UAVSAR/tile_26_65.tif,2025_Tile_Data/Only_PNG_Data/fp7/flood_mask/tile_26_65.tif
2025_Tile_Data/Only_PNG_Data/fp6/UAVSAR/tile_27_21.tif,2025_Tile_Data/Only_PNG_Data/fp6/flood_mask/tile_27_21.tif
2025_Tile_Data/Only_PNG_Data/fp4/UAVSAR/tile_29_15.tif,2025_Tile_Data/Only_PNG_Data/fp4/flood_mask/tile_29_15.tif
2025_Tile_Data/Only_PNG_Data/fp1/UAVSAR/tile_38_57.tif,2025_Tile_Data/Only_PNG_Data/fp1/flood_mask/tile_38_57.tif
2025_Tile_Data/Only_PNG_Data/fp1/UAVSAR/tile_39_58.tif,2025_Tile_Data/Only_PNG_Data/fp1/flood_mask/tile_39_58.tif
2025_Tile_Data/Only_PNG_Data/fp1/UAVSAR/tile_12_49.tif,2025_Tile_Data/Only_PNG_Data/fp1/flood_mask/tile_12_49.tif
2025_Tile_Data/Only_PNG_Data/fp5/UAVSAR/tile_38_26.tif,2025_Tile_Data/Only_PNG_Data/fp5/flood_mask/tile_38_26.tif
2025_Tile_Data/Only_PNG_Data/fp3/UAVSAR/tile_36_32.tif,2025_Tile_Data/Only_PNG_Data/fp3/flood_mask/tile_36_32.tif
2025_Tile_Data/Only_PNG_Data/fp6/UAVSAR/tile_29_24.tif,2025_Tile_Data/Only_PNG_Data/fp6/flood_mask/tile_29_24.tif
2025_Tile_Data/Only_PNG_Data/fp3/UAVSAR/tile_37_39.tif,2025_Tile_Data/Only_PNG_Data/fp3/flood_mask/tile_37_39.tif
2025_Tile_Data/Only_PNG_Data/fp4/UAVSAR/tile_30_20.tif,2025_Tile_Data/Only_PNG_Data/fp4/flood_mask/tile_30_20.tif
2025_Tile_Data/Only_PNG_Data/fp4/UAVSAR/tile_36_26.tif,2025_Tile_Data/Only_PNG_Data/fp4/flood_mask/tile_36_26.tif
2025_Tile_Data/Only_PNG_Data/fp5/UAVSAR/tile_44_27.tif,2025_Tile_Data/Only_PNG_Data/fp5/flood_mask/tile_44_27.tif
2025_Tile_Data/Only_PNG_Data/fp4/UAVSAR/tile_37_29.tif,2025_Tile_Data/Only_PNG_Data/fp4/flood_mask/tile_37_29.tif
2025_Tile_Data/Only_PNG_Data/fp5/UAVSAR/tile_30_16.tif,2025_Tile_Data/Only_PNG_Data/fp5/flood_mask/tile_30_16.tif
2025_Tile_Data/Only_PNG_Data/fp2/UAVSAR/tile_21_43.tif,2025_Tile_Data/Only_PNG_Data/fp2/flood_mask/tile_21_43.tif
2025_Tile_Data/Only_PNG_Data/fp2/UAVSAR/tile_19_43.tif,2025_Tile_Data/Only_PNG_Data/fp2/flood_mask/tile_19_43.tif
2025_Tile_Data/Only_PNG_Data/fp3/UAVSAR/tile_45_46.tif,2025_Tile_Data/Only_PNG_Data/fp3/flood_mask/tile_45_46.tif
2025_Tile_Data/Only_PNG_Data/fp5/UAVSAR/tile_27_16.tif,2025_Tile_Data/Only_PNG_Data/fp5/flood_mask/tile_27_16.tif
2025_Tile_Data/Only_PNG_Data/fp7/UAVSAR/tile_31_71.tif,2025_Tile_Data/Only_PNG_Data/fp7/flood_mask/tile_31_71.tif
2025_Tile_Data/Only_PNG_Data/fp5/UAVSAR/tile_36_24.tif,2025_Tile_Data/Only_PNG_Data/fp5/flood_mask/tile_36_24.tif
2025_Tile_Data/Only_PNG_Data/fp6/UAVSAR/tile_38_30.tif,2025_Tile_Data/Only_PNG_Data/fp6/flood_mask/tile_38_30.tif
2025_Tile_Data/Only_PNG_Data/fp7/UAVSAR/tile_25_68.tif,2025_Tile_Data/Only_PNG_Data/fp7/flood_mask/tile_25_68.tif
2025_Tile_Data/Only_PNG_Data/fp4/UAVSAR/tile_45_35.tif,2025_Tile_Data/Only_PNG_Data/fp4/flood_mask/tile_45_35.tif
2025_Tile_Data/Only_PNG_Data/fp4/UAVSAR/tile_27_16.tif,2025_Tile_Data/Only_PNG_Data/fp4/flood_mask/tile_27_16.tif
2025_Tile_Data/Only_PNG_Data/fp6/UAVSAR/tile_34_31.tif,2025_Tile_Data/Only_PNG_Data/fp6/flood_mask/tile_34_31.tif
2025_Tile_Data/Only_PNG_Data/fp2/UAVSAR/tile_27_47.tif,2025_Tile_Data/Only_PNG_Data/fp2/flood_mask/tile_27_47.tif
2025_Tile_Data/Only_PNG_Data/fp3/UAVSAR/tile_31_30.tif,2025_Tile_Data/Only_PNG_Data/fp3/flood_mask/tile_31_30.tif
2025_Tile_Data/Only_PNG_Data/fp4/UAVSAR/tile_29_22.tif,2025_Tile_Data/Only_PNG_Data/fp4/flood_mask/tile_29_22.tif
2025_Tile_Data/Only_PNG_Data/fp4/UAVSAR/tile_29_20.tif,2025_Tile_Data/Only_PNG_Data/fp4/flood_mask/tile_29_20.tif
2025_Tile_Data/Only_PNG_Data/fp4/UAVSAR/tile_45_32.tif,2025_Tile_Data/Only_PNG_Data/fp4/flood_mask/tile_45_32.tif
2025_Tile_Data/Only_PNG_Data/fp6/UAVSAR/tile_28_27.tif,2025_Tile_Data/Only_PNG_Data/fp6/flood_mask/tile_28_27.tif
2025_Tile_Data/Only_PNG_Data/fp3/UAVSAR/tile_27_28.tif,2025_Tile_Data/Only_PNG_Data/fp3/flood_mask/tile_27_28.tif
2025_Tile_Data/Only_PNG_Data/fp4/UAVSAR/tile_35_23.tif,2025_Tile_Data/Only_PNG_Data/fp4/flood_mask/tile_35_23.tif
2025_Tile_Data/Only_PNG_Data/fp6/UAVSAR/tile_27_20.tif,2025_Tile_Data/Only_PNG_Data/fp6/flood_mask/tile_27_20.tif
2025_Tile_Data/Only_PNG_Data/fp6/UAVSAR/tile_27_23.tif,2025_Tile_Data/Only_PNG_Data/fp6/flood_mask/tile_27_23.tif
2025_Tile_Data/Only_PNG_Data/fp1/UAVSAR/tile_17_51.tif,2025_Tile_Data/Only_PNG_Data/fp1/flood_mask/tile_17_51.tif
2025_Tile_Data/Only_PNG_Data/fp7/UAVSAR/tile_30_68.tif,2025_Tile_Data/Only_PNG_Data/fp7/flood_mask/tile_30_68.tif
2025_Tile_Data/Only_PNG_Data/fp6/UAVSAR/tile_32_31.tif,2025_Tile_Data/Only_PNG_Data/fp6/flood_mask/tile_32_31.tif
2025_Tile_Data/Only_PNG_Data/fp5/UAVSAR/tile_39_21.tif,2025_Tile_Data/Only_PNG_Data/fp5/flood_mask/tile_39_21.tif
2025_Tile_Data/Only_PNG_Data/fp4/UAVSAR/tile_30_16.tif,2025_Tile_Data/Only_PNG_Data/fp4/flood_mask/tile_30_16.tif
2025_Tile_Data/Only_PNG_Data/fp3/UAVSAR/tile_30_30.tif,2025_Tile_Data/Only_PNG_Data/fp3/flood_mask/tile_30_30.tif
2025_Tile_Data/Only_PNG_Data/fp6/UAVSAR/tile_34_29.tif,2025_Tile_Data/Only_PNG_Data/fp6/flood_mask/tile_34_29.tif
2025_Tile_Data/Only_PNG_Data/fp1/UAVSAR/tile_16_52.tif,2025_Tile_Data/Only_PNG_Data/fp1/flood_mask/tile_16_52.tif
2025_Tile_Data/Only_PNG_Data/fp4/UAVSAR/tile_42_33.tif,2025_Tile_Data/Only_PNG_Data/fp4/flood_mask/tile_42_33.tif
2025_Tile_Data/Only_PNG_Data/fp4/UAVSAR/tile_34_22.tif,2025_Tile_Data/Only_PNG_Data/fp4/flood_mask/tile_34_22.tif
2025_Tile_Data/Only_PNG_Data/fp1/UAVSAR/tile_38_58.tif,2025_Tile_Data/Only_PNG_Data/fp1/flood_mask/tile_38_58.tif
2025_Tile_Data/Only_PNG_Data/fp1/UAVSAR/tile_29_54.tif,2025_Tile_Data/Only_PNG_Data/fp1/flood_mask/tile_29_54.tif
2025_Tile_Data/Only_PNG_Data/fp4/UAVSAR/tile_36_24.tif,2025_Tile_Data/Only_PNG_Data/fp4/flood_mask/tile_36_24.tif
2025_Tile_Data/Only_PNG_Data/fp5/UAVSAR/tile_29_17.tif,2025_Tile_Data/Only_PNG_Data/fp5/flood_mask/tile_29_17.tif
2025_Tile_Data/Only_PNG_Data/fp5/UAVSAR/tile_35_18.tif,2025_Tile_Data/Only_PNG_Data/fp5/flood_mask/tile_35_18.tif
2025_Tile_Data/Only_PNG_Data/fp7/UAVSAR/tile_29_70.tif,2025_Tile_Data/Only_PNG_Data/fp7/flood_mask/tile_29_70.tif
2025_Tile_Data/Only_PNG_Data/fp4/UAVSAR/tile_27_20.tif,2025_Tile_Data/Only_PNG_Data/fp4/flood_mask/tile_27_20.tif
2025_Tile_Data/Only_PNG_Data/fp5/UAVSAR/tile_45_32.tif,2025_Tile_Data/Only_PNG_Data/fp5/flood_mask/tile_45_32.tif
2025_Tile_Data/Only_PNG_Data/fp4/UAVSAR/tile_40_32.tif,2025_Tile_Data/Only_PNG_Data/fp4/flood_mask/tile_40_32.tif
2025_Tile_Data/Only_PNG_Data/fp1/UAVSAR/tile_18_52.tif,2025_Tile_Data/Only_PNG_Data/fp1/flood_mask/tile_18_52.tif
2025_Tile_Data/Only_PNG_Data/fp2/UAVSAR/tile_18_45.tif,2025_Tile_Data/Only_PNG_Data/fp2/flood_mask/tile_18_45.tif
2025_Tile_Data/Only_PNG_Data/fp4/UAVSAR/tile_39_26.tif,2025_Tile_Data/Only_PNG_Data/fp4/flood_mask/tile_39_26.tif
2025_Tile_Data/Only_PNG_Data/fp7/UAVSAR/tile_36_74.tif,2025_Tile_Data/Only_PNG_Data/fp7/flood_mask/tile_36_74.tif
2025_Tile_Data/Only_PNG_Data/fp1/UAVSAR/tile_16_50.tif,2025_Tile_Data/Only_PNG_Data/fp1/flood_mask/tile_16_50.tif
2025_Tile_Data/Only_PNG_Data/fp4/UAVSAR/tile_38_25.tif,2025_Tile_Data/Only_PNG_Data/fp4/flood_mask/tile_38_25.tif
2025_Tile_Data/Only_PNG_Data/fp6/UAVSAR/tile_33_32.tif,2025_Tile_Data/Only_PNG_Data/fp6/flood_mask/tile_33_32.tif
2025_Tile_Data/Only_PNG_Data/fp3/UAVSAR/tile_38_41.tif,2025_Tile_Data/Only_PNG_Data/fp3/flood_mask/tile_38_41.tif
2025_Tile_Data/Only_PNG_Data/fp7/UAVSAR/tile_32_73.tif,2025_Tile_Data/Only_PNG_Data/fp7/flood_mask/tile_32_73.tif
2025_Tile_Data/Only_PNG_Data/fp1/UAVSAR/tile_15_50.tif,2025_Tile_Data/Only_PNG_Data/fp1/flood_mask/tile_15_50.tif
2025_Tile_Data/Only_PNG_Data/fp4/UAVSAR/tile_28_15.tif,2025_Tile_Data/Only_PNG_Data/fp4/flood_mask/tile_28_15.tif
2025_Tile_Data/Only_PNG_Data/fp3/UAVSAR/tile_26_22.tif,2025_Tile_Data/Only_PNG_Data/fp3/flood_mask/tile_26_22.tif
2025_Tile_Data/Only_PNG_Data/fp4/UAVSAR/tile_38_30.tif,2025_Tile_Data/Only_PNG_Data/fp4/flood_mask/tile_38_30.tif
2025_Tile_Data/Only_PNG_Data/fp5/UAVSAR/tile_42_24.tif,2025_Tile_Data/Only_PNG_Data/fp5/flood_mask/tile_42_24.tif
2025_Tile_Data/Only_PNG_Data/fp6/UAVSAR/tile_47_40.tif,2025_Tile_Data/Only_PNG_Data/fp6/flood_mask/tile_47_40.tif
2025_Tile_Data/Only_PNG_Data/fp2/UAVSAR/tile_46_47.tif,2025_Tile_Data/Only_PNG_Data/fp2/flood_mask/tile_46_47.tif
2025_Tile_Data/Only_PNG_Data/fp5/UAVSAR/tile_28_15.tif,2025_Tile_Data/Only_PNG_Data/fp5/flood_mask/tile_28_15.tif
2025_Tile_Data/Only_PNG_Data/fp7/UAVSAR/tile_26_66.tif,2025_Tile_Data/Only_PNG_Data/fp7/flood_mask/tile_26_66.tif
2025_Tile_Data/Only_PNG_Data/fp1/UAVSAR/tile_17_52.tif,2025_Tile_Data/Only_PNG_Data/fp1/flood_mask/tile_17_52.tif
2025_Tile_Data/Only_PNG_Data/fp1/UAVSAR/tile_29_56.tif,2025_Tile_Data/Only_PNG_Data/fp1/flood_mask/tile_29_56.tif
2025_Tile_Data/Only_PNG_Data/fp2/UAVSAR/tile_43_49.tif,2025_Tile_Data/Only_PNG_Data/fp2/flood_mask/tile_43_49.tif
2025_Tile_Data/Only_PNG_Data/fp4/UAVSAR/tile_34_21.tif,2025_Tile_Data/Only_PNG_Data/fp4/flood_mask/tile_34_21.tif
2025_Tile_Data/Only_PNG_Data/fp4/UAVSAR/tile_41_27.tif,2025_Tile_Data/Only_PNG_Data/fp4/flood_mask/tile_41_27.tif
2025_Tile_Data/Only_PNG_Data/fp4/UAVSAR/tile_30_24.tif,2025_Tile_Data/Only_PNG_Data/fp4/flood_mask/tile_30_24.tif
2025_Tile_Data/Only_PNG_Data/fp1/UAVSAR/tile_36_57.tif,2025_Tile_Data/Only_PNG_Data/fp1/flood_mask/tile_36_57.tif
2025_Tile_Data/Only_PNG_Data/fp6/UAVSAR/tile_40_32.tif,2025_Tile_Data/Only_PNG_Data/fp6/flood_mask/tile_40_32.tif
2025_Tile_Data/Only_PNG_Data/fp4/UAVSAR/tile_41_33.tif,2025_Tile_Data/Only_PNG_Data/fp4/flood_mask/tile_41_33.tif
2025_Tile_Data/Only_PNG_Data/fp3/UAVSAR/tile_31_31.tif,2025_Tile_Data/Only_PNG_Data/fp3/flood_mask/tile_31_31.tif
2025_Tile_Data/Only_PNG_Data/fp5/UAVSAR/tile_38_25.tif,2025_Tile_Data/Only_PNG_Data/fp5/flood_mask/tile_38_25.tif
2025_Tile_Data/Only_PNG_Data/fp7/UAVSAR/tile_34_72.tif,2025_Tile_Data/Only_PNG_Data/fp7/flood_mask/tile_34_72.tif
2025_Tile_Data/Only_PNG_Data/fp7/UAVSAR/tile_30_70.tif,2025_Tile_Data/Only_PNG_Data/fp7/flood_mask/tile_30_70.tif
2025_Tile_Data/Only_PNG_Data/fp5/UAVSAR/tile_35_17.tif,2025_Tile_Data/Only_PNG_Data/fp5/flood_mask/tile_35_17.tif
2025_Tile_Data/Only_PNG_Data/fp3/UAVSAR/tile_30_29.tif,2025_Tile_Data/Only_PNG_Data/fp3/flood_mask/tile_30_29.tif
2025_Tile_Data/Only_PNG_Data/fp7/UAVSAR/tile_29_71.tif,2025_Tile_Data/Only_PNG_Data/fp7/flood_mask/tile_29_71.tif
2025_Tile_Data/Only_PNG_Data/fp6/UAVSAR/tile_26_22.tif,2025_Tile_Data/Only_PNG_Data/fp6/flood_mask/tile_26_22.tif
2025_Tile_Data/Only_PNG_Data/fp3/UAVSAR/tile_30_33.tif,2025_Tile_Data/Only_PNG_Data/fp3/flood_mask/tile_30_33.tif
2025_Tile_Data/Only_PNG_Data/fp3/UAVSAR/tile_26_26.tif,2025_Tile_Data/Only_PNG_Data/fp3/flood_mask/tile_26_26.tif
2025_Tile_Data/Only_PNG_Data/fp7/UAVSAR/tile_28_67.tif,2025_Tile_Data/Only_PNG_Data/fp7/flood_mask/tile_28_67.tif
2025_Tile_Data/Only_PNG_Data/fp3/UAVSAR/tile_39_39.tif,2025_Tile_Data/Only_PNG_Data/fp3/flood_mask/tile_39_39.tif
2025_Tile_Data/Only_PNG_Data/fp1/UAVSAR/tile_16_51.tif,2025_Tile_Data/Only_PNG_Data/fp1/flood_mask/tile_16_51.tif
2025_Tile_Data/Only_PNG_Data/fp6/UAVSAR/tile_32_29.tif,2025_Tile_Data/Only_PNG_Data/fp6/flood_mask/tile_32_29.tif
2025_Tile_Data/Only_PNG_Data/fp5/UAVSAR/tile_28_16.tif,2025_Tile_Data/Only_PNG_Data/fp5/flood_mask/tile_28_16.tif
2025_Tile_Data/Only_PNG_Data/fp6/UAVSAR/tile_40_36.tif,2025_Tile_Data/Only_PNG_Data/fp6/flood_mask/tile_40_36.tif
2025_Tile_Data/Only_PNG_Data/fp7/UAVSAR/tile_36_75.tif,2025_Tile_Data/Only_PNG_Data/fp7/flood_mask/tile_36_75.tif
2025_Tile_Data/Only_PNG_Data/fp3/UAVSAR/tile_32_34.tif,2025_Tile_Data/Only_PNG_Data/fp3/flood_mask/tile_32_34.tif
2025_Tile_Data/Only_PNG_Data/fp6/UAVSAR/tile_37_32.tif,2025_Tile_Data/Only_PNG_Data/fp6/flood_mask/tile_37_32.tif
2025_Tile_Data/Only_PNG_Data/fp3/UAVSAR/tile_31_34.tif,2025_Tile_Data/Only_PNG_Data/fp3/flood_mask/tile_31_34.tif
2025_Tile_Data/Only_PNG_Data/fp2/UAVSAR/tile_42_46.tif,2025_Tile_Data/Only_PNG_Data/fp2/flood_mask/tile_42_46.tif
2025_Tile_Data/Only_PNG_Data/fp3/UAVSAR/tile_35_31.tif,2025_Tile_Data/Only_PNG_Data/fp3/flood_mask/tile_35_31.tif
2025_Tile_Data/Only_PNG_Data/fp1/UAVSAR/tile_10_51.tif,2025_Tile_Data/Only_PNG_Data/fp1/flood_mask/tile_10_51.tif
2025_Tile_Data/Only_PNG_Data/fp6/UAVSAR/tile_44_38.tif,2025_Tile_Data/Only_PNG_Data/fp6/flood_mask/tile_44_38.tif
2025_Tile_Data/Only_PNG_Data/fp1/UAVSAR/tile_23_55.tif,2025_Tile_Data/Only_PNG_Data/fp1/flood_mask/tile_23_55.tif
2025_Tile_Data/Only_PNG_Data/fp3/UAVSAR/tile_42_45.tif,2025_Tile_Data/Only_PNG_Data/fp3/flood_mask/tile_42_45.tif
2025_Tile_Data/Only_PNG_Data/fp7/UAVSAR/tile_17_61.tif,2025_Tile_Data/Only_PNG_Data/fp7/flood_mask/tile_17_61.tif
2025_Tile_Data/Only_PNG_Data/fp4/UAVSAR/tile_41_30.tif,2025_Tile_Data/Only_PNG_Data/fp4/flood_mask/tile_41_30.tif
2025_Tile_Data/Only_PNG_Data/fp4/UAVSAR/tile_29_16.tif,2025_Tile_Data/Only_PNG_Data/fp4/flood_mask/tile_29_16.tif
2025_Tile_Data/Only_PNG_Data/fp5/UAVSAR/tile_47_33.tif,2025_Tile_Data/Only_PNG_Data/fp5/flood_mask/tile_47_33.tif
2025_Tile_Data/Only_PNG_Data/fp3/UAVSAR/tile_31_32.tif,2025_Tile_Data/Only_PNG_Data/fp3/flood_mask/tile_31_32.tif
2025_Tile_Data/Only_PNG_Data/fp6/UAVSAR/tile_28_19.tif,2025_Tile_Data/Only_PNG_Data/fp6/flood_mask/tile_28_19.tif
2025_Tile_Data/Only_PNG_Data/fp2/UAVSAR/tile_42_45.tif,2025_Tile_Data/Only_PNG_Data/fp2/flood_mask/tile_42_45.tif
2025_Tile_Data/Only_PNG_Data/fp2/UAVSAR/tile_22_44.tif,2025_Tile_Data/Only_PNG_Data/fp2/flood_mask/tile_22_44.tif
2025_Tile_Data/Only_PNG_Data/fp4/UAVSAR/tile_34_23.tif,2025_Tile_Data/Only_PNG_Data/fp4/flood_mask/tile_34_23.tif
2025_Tile_Data/Only_PNG_Data/fp5/UAVSAR/tile_32_14.tif,2025_Tile_Data/Only_PNG_Data/fp5/flood_mask/tile_32_14.tif
2025_Tile_Data/Only_PNG_Data/fp4/UAVSAR/tile_32_20.tif,2025_Tile_Data/Only_PNG_Data/fp4/flood_mask/tile_32_20.tif
2025_Tile_Data/Only_PNG_Data/fp3/UAVSAR/tile_46_42.tif,2025_Tile_Data/Only_PNG_Data/fp3/flood_mask/tile_46_42.tif
2025_Tile_Data/Only_PNG_Data/fp7/UAVSAR/tile_26_68.tif,2025_Tile_Data/Only_PNG_Data/fp7/flood_mask/tile_26_68.tif
2025_Tile_Data/Only_PNG_Data/fp6/UAVSAR/tile_40_31.tif,2025_Tile_Data/Only_PNG_Data/fp6/flood_mask/tile_40_31.tif
2025_Tile_Data/Only_PNG_Data/fp4/UAVSAR/tile_33_25.tif,2025_Tile_Data/Only_PNG_Data/fp4/flood_mask/tile_33_25.tif
2025_Tile_Data/Only_PNG_Data/fp2/UAVSAR/tile_26_45.tif,2025_Tile_Data/Only_PNG_Data/fp2/flood_mask/tile_26_45.tif
2025_Tile_Data/Only_PNG_Data/fp5/UAVSAR/tile_30_18.tif,2025_Tile_Data/Only_PNG_Data/fp5/flood_mask/tile_30_18.tif
2025_Tile_Data/Only_PNG_Data/fp6/UAVSAR/tile_33_25.tif,2025_Tile_Data/Only_PNG_Data/fp6/flood_mask/tile_33_25.tif
2025_Tile_Data/Only_PNG_Data/fp3/UAVSAR/tile_34_34.tif,2025_Tile_Data/Only_PNG_Data/fp3/flood_mask/tile_34_34.tif
2025_Tile_Data/Only_PNG_Data/fp6/UAVSAR/tile_27_26.tif,2025_Tile_Data/Only_PNG_Data/fp6/flood_mask/tile_27_26.tif
2025_Tile_Data/Only_PNG_Data/fp3/UAVSAR/tile_42_46.tif,2025_Tile_Data/Only_PNG_Data/fp3/flood_mask/tile_42_46.tif
2025_Tile_Data/Only_PNG_Data/fp5/UAVSAR/tile_42_26.tif,2025_Tile_Data/Only_PNG_Data/fp5/flood_mask/tile_42_26.tif
2025_Tile_Data/Only_PNG_Data/fp4/UAVSAR/tile_33_24.tif,2025_Tile_Data/Only_PNG_Data/fp4/flood_mask/tile_33_24.tif
2025_Tile_Data/Only_PNG_Data/fp1/UAVSAR/tile_32_55.tif,2025_Tile_Data/Only_PNG_Data/fp1/flood_mask/tile_32_55.tif
2025_Tile_Data/Only_PNG_Data/fp5/UAVSAR/tile_44_32.tif,2025_Tile_Data/Only_PNG_Data/fp5/flood_mask/tile_44_32.tif
2025_Tile_Data/Only_PNG_Data/fp2/UAVSAR/tile_28_45.tif,2025_Tile_Data/Only_PNG_Data/fp2/flood_mask/tile_28_45.tif
2025_Tile_Data/Only_PNG_Data/fp5/UAVSAR/tile_44_30.tif,2025_Tile_Data/Only_PNG_Data/fp5/flood_mask/tile_44_30.tif
2025_Tile_Data/Only_PNG_Data/fp1/UAVSAR/tile_20_54.tif,2025_Tile_Data/Only_PNG_Data/fp1/flood_mask/tile_20_54.tif
2025_Tile_Data/Only_PNG_Data/fp2/UAVSAR/tile_28_44.tif,2025_Tile_Data/Only_PNG_Data/fp2/flood_mask/tile_28_44.tif
2025_Tile_Data/Only_PNG_Data/fp4/UAVSAR/tile_43_32.tif,2025_Tile_Data/Only_PNG_Data/fp4/flood_mask/tile_43_32.tif
2025_Tile_Data/Only_PNG_Data/fp5/UAVSAR/tile_46_33.tif,2025_Tile_Data/Only_PNG_Data/fp5/flood_mask/tile_46_33.tif
2025_Tile_Data/Only_PNG_Data/fp7/UAVSAR/tile_26_67.tif,2025_Tile_Data/Only_PNG_Data/fp7/flood_mask/tile_26_67.tif
2025_Tile_Data/Only_PNG_Data/fp4/UAVSAR/tile_44_34.tif,2025_Tile_Data/Only_PNG_Data/fp4/flood_mask/tile_44_34.tif
2025_Tile_Data/Only_PNG_Data/fp5/UAVSAR/tile_45_34.tif,2025_Tile_Data/Only_PNG_Data/fp5/flood_mask/tile_45_34.tif
2025_Tile_Data/Only_PNG_Data/fp7/UAVSAR/tile_18_62.tif,2025_Tile_Data/Only_PNG_Data/fp7/flood_mask/tile_18_62.tif
2025_Tile_Data/Only_PNG_Data/fp4/UAVSAR/tile_46_33.tif,2025_Tile_Data/Only_PNG_Data/fp4/flood_mask/tile_46_33.tif
2025_Tile_Data/Only_PNG_Data/fp4/UAVSAR/tile_31_18.tif,2025_Tile_Data/Only_PNG_Data/fp4/flood_mask/tile_31_18.tif
2025_Tile_Data/Only_PNG_Data/fp1/UAVSAR/tile_24_55.tif,2025_Tile_Data/Only_PNG_Data/fp1/flood_mask/tile_24_55.tif
2025_Tile_Data/Only_PNG_Data/fp6/UAVSAR/tile_37_30.tif,2025_Tile_Data/Only_PNG_Data/fp6/flood_mask/tile_37_30.tif
2025_Tile_Data/Only_PNG_Data/fp7/UAVSAR/tile_13_57.tif,2025_Tile_Data/Only_PNG_Data/fp7/flood_mask/tile_13_57.tif
2025_Tile_Data/Only_PNG_Data/fp6/UAVSAR/tile_28_22.tif,2025_Tile_Data/Only_PNG_Data/fp6/flood_mask/tile_28_22.tif
2025_Tile_Data/Only_PNG_Data/fp5/UAVSAR/tile_31_18.tif,2025_Tile_Data/Only_PNG_Data/fp5/flood_mask/tile_31_18.tif
2025_Tile_Data/Only_PNG_Data/fp4/UAVSAR/tile_27_18.tif,2025_Tile_Data/Only_PNG_Data/fp4/flood_mask/tile_27_18.tif
2025_Tile_Data/Only_PNG_Data/fp4/UAVSAR/tile_35_26.tif,2025_Tile_Data/Only_PNG_Data/fp4/flood_mask/tile_35_26.tif
2025_Tile_Data/Only_PNG_Data/fp2/UAVSAR/tile_27_44.tif,2025_Tile_Data/Only_PNG_Data/fp2/flood_mask/tile_27_44.tif
2025_Tile_Data/Only_PNG_Data/fp5/UAVSAR/tile_35_21.tif,2025_Tile_Data/Only_PNG_Data/fp5/flood_mask/tile_35_21.tif
2025_Tile_Data/Only_PNG_Data/fp4/UAVSAR/tile_41_28.tif,2025_Tile_Data/Only_PNG_Data/fp4/flood_mask/tile_41_28.tif
2025_Tile_Data/Only_PNG_Data/fp4/UAVSAR/tile_31_20.tif,2025_Tile_Data/Only_PNG_Data/fp4/flood_mask/tile_31_20.tif
2025_Tile_Data/Only_PNG_Data/fp3/UAVSAR/tile_28_31.tif,2025_Tile_Data/Only_PNG_Data/fp3/flood_mask/tile_28_31.tif
2025_Tile_Data/Only_PNG_Data/fp6/UAVSAR/tile_45_38.tif,2025_Tile_Data/Only_PNG_Data/fp6/flood_mask/tile_45_38.tif
2025_Tile_Data/Only_PNG_Data/fp6/UAVSAR/tile_35_26.tif,2025_Tile_Data/Only_PNG_Data/fp6/flood_mask/tile_35_26.tif
2025_Tile_Data/Only_PNG_Data/fp4/UAVSAR/tile_37_27.tif,2025_Tile_Data/Only_PNG_Data/fp4/flood_mask/tile_37_27.tif
2025_Tile_Data/Only_PNG_Data/fp6/UAVSAR/tile_34_30.tif,2025_Tile_Data/Only_PNG_Data/fp6/flood_mask/tile_34_30.tif
2025_Tile_Data/Only_PNG_Data/fp4/UAVSAR/tile_46_34.tif,2025_Tile_Data/Only_PNG_Data/fp4/flood_mask/tile_46_34.tif
2025_Tile_Data/Only_PNG_Data/fp4/UAVSAR/tile_40_31.tif,2025_Tile_Data/Only_PNG_Data/fp4/flood_mask/tile_40_31.tif
2025_Tile_Data/Only_PNG_Data/fp6/UAVSAR/tile_28_24.tif,2025_Tile_Data/Only_PNG_Data/fp6/flood_mask/tile_28_24.tif
2025_Tile_Data/Only_PNG_Data/fp2/UAVSAR/tile_18_42.tif,2025_Tile_Data/Only_PNG_Data/fp2/flood_mask/tile_18_42.tif
2025_Tile_Data/Only_PNG_Data/fp1/UAVSAR/tile_14_51.tif,2025_Tile_Data/Only_PNG_Data/fp1/flood_mask/tile_14_51.tif
2025_Tile_Data/Only_PNG_Data/fp1/UAVSAR/tile_13_51.tif,2025_Tile_Data/Only_PNG_Data/fp1/flood_mask/tile_13_51.tif
2025_Tile_Data/Only_PNG_Data/fp1/UAVSAR/tile_29_57.tif,2025_Tile_Data/Only_PNG_Data/fp1/flood_mask/tile_29_57.tif
2025_Tile_Data/Only_PNG_Data/fp1/UAVSAR/tile_36_58.tif,2025_Tile_Data/Only_PNG_Data/fp1/flood_mask/tile_36_58.tif
2025_Tile_Data/Only_PNG_Data/fp5/UAVSAR/tile_46_35.tif,2025_Tile_Data/Only_PNG_Data/fp5/flood_mask/tile_46_35.tif
2025_Tile_Data/Only_PNG_Data/fp4/UAVSAR/tile_30_21.tif,2025_Tile_Data/Only_PNG_Data/fp4/flood_mask/tile_30_21.tif
2025_Tile_Data/Only_PNG_Data/fp2/UAVSAR/tile_16_44.tif,2025_Tile_Data/Only_PNG_Data/fp2/flood_mask/tile_16_44.tif
2025_Tile_Data/Only_PNG_Data/fp7/UAVSAR/tile_14_57.tif,2025_Tile_Data/Only_PNG_Data/fp7/flood_mask/tile_14_57.tif
2025_Tile_Data/Only_PNG_Data/fp2/UAVSAR/tile_26_44.tif,2025_Tile_Data/Only_PNG_Data/fp2/flood_mask/tile_26_44.tif
2025_Tile_Data/Only_PNG_Data/fp4/UAVSAR/tile_32_18.tif,2025_Tile_Data/Only_PNG_Data/fp4/flood_mask/tile_32_18.tif
2025_Tile_Data/Only_PNG_Data/fp3/UAVSAR/tile_41_43.tif,2025_Tile_Data/Only_PNG_Data/fp3/flood_mask/tile_41_43.tif
2025_Tile_Data/Only_PNG_Data/fp5/UAVSAR/tile_40_25.tif,2025_Tile_Data/Only_PNG_Data/fp5/flood_mask/tile_40_25.tif
2025_Tile_Data/Only_PNG_Data/fp1/UAVSAR/tile_32_57.tif,2025_Tile_Data/Only_PNG_Data/fp1/flood_mask/tile_32_57.tif
2025_Tile_Data/Only_PNG_Data/fp5/UAVSAR/tile_33_18.tif,2025_Tile_Data/Only_PNG_Data/fp5/flood_mask/tile_33_18.tif
2025_Tile_Data/Only_PNG_Data/fp4/UAVSAR/tile_35_21.tif,2025_Tile_Data/Only_PNG_Data/fp4/flood_mask/tile_35_21.tif
2025_Tile_Data/Only_PNG_Data/fp7/UAVSAR/tile_23_66.tif,2025_Tile_Data/Only_PNG_Data/fp7/flood_mask/tile_23_66.tif
2025_Tile_Data/Only_PNG_Data/fp4/UAVSAR/tile_27_17.tif,2025_Tile_Data/Only_PNG_Data/fp4/flood_mask/tile_27_17.tif
2025_Tile_Data/Only_PNG_Data/fp6/UAVSAR/tile_46_42.tif,2025_Tile_Data/Only_PNG_Data/fp6/flood_mask/tile_46_42.tif
2025_Tile_Data/Only_PNG_Data/fp5/UAVSAR/tile_36_18.tif,2025_Tile_Data/Only_PNG_Data/fp5/flood_mask/tile_36_18.tif
2025_Tile_Data/Only_PNG_Data/fp7/UAVSAR/tile_14_56.tif,2025_Tile_Data/Only_PNG_Data/fp7/flood_mask/tile_14_56.tif
2025_Tile_Data/Only_PNG_Data/fp4/UAVSAR/tile_30_17.tif,2025_Tile_Data/Only_PNG_Data/fp4/flood_mask/tile_30_17.tif
2025_Tile_Data/Only_PNG_Data/fp3/UAVSAR/tile_35_37.tif,2025_Tile_Data/Only_PNG_Data/fp3/flood_mask/tile_35_37.tif
2025_Tile_Data/Only_PNG_Data/fp3/UAVSAR/tile_32_29.tif,2025_Tile_Data/Only_PNG_Data/fp3/flood_mask/tile_32_29.tif
2025_Tile_Data/Only_PNG_Data/fp3/UAVSAR/tile_30_31.tif,2025_Tile_Data/Only_PNG_Data/fp3/flood_mask/tile_30_31.tif
2025_Tile_Data/Only_PNG_Data/fp2/UAVSAR/tile_35_47.tif,2025_Tile_Data/Only_PNG_Data/fp2/flood_mask/tile_35_47.tif
2025_Tile_Data/Only_PNG_Data/fp5/UAVSAR/tile_35_22.tif,2025_Tile_Data/Only_PNG_Data/fp5/flood_mask/tile_35_22.tif
2025_Tile_Data/Only_PNG_Data/fp2/UAVSAR/tile_22_46.tif,2025_Tile_Data/Only_PNG_Data/fp2/flood_mask/tile_22_46.tif
2025_Tile_Data/Only_PNG_Data/fp3/UAVSAR/tile_44_46.tif,2025_Tile_Data/Only_PNG_Data/fp3/flood_mask/tile_44_46.tif
2025_Tile_Data/Only_PNG_Data/fp4/UAVSAR/tile_34_20.tif,2025_Tile_Data/Only_PNG_Data/fp4/flood_mask/tile_34_20.tif
2025_Tile_Data/Only_PNG_Data/fp4/UAVSAR/tile_28_21.tif,2025_Tile_Data/Only_PNG_Data/fp4/flood_mask/tile_28_21.tif
2025_Tile_Data/Only_PNG_Data/fp4/UAVSAR/tile_31_17.tif,2025_Tile_Data/Only_PNG_Data/fp4/flood_mask/tile_31_17.tif
2025_Tile_Data/Only_PNG_Data/fp4/UAVSAR/tile_30_23.tif,2025_Tile_Data/Only_PNG_Data/fp4/flood_mask/tile_30_23.tif
2025_Tile_Data/Only_PNG_Data/fp6/UAVSAR/tile_45_36.tif,2025_Tile_Data/Only_PNG_Data/fp6/flood_mask/tile_45_36.tif
2025_Tile_Data/Only_PNG_Data/fp4/UAVSAR/tile_46_35.tif,2025_Tile_Data/Only_PNG_Data/fp4/flood_mask/tile_46_35.tif
2025_Tile_Data/Only_PNG_Data/fp1/UAVSAR/tile_33_57.tif,2025_Tile_Data/Only_PNG_Data/fp1/flood_mask/tile_33_57.tif
2025_Tile_Data/Only_PNG_Data/fp3/UAVSAR/tile_41_41.tif,2025_Tile_Data/Only_PNG_Data/fp3/flood_mask/tile_41_41.tif
2025_Tile_Data/Only_PNG_Data/fp3/UAVSAR/tile_37_35.tif,2025_Tile_Data/Only_PNG_Data/fp3/flood_mask/tile_37_35.tif
2025_Tile_Data/Only_PNG_Data/fp7/UAVSAR/tile_17_58.tif,2025_Tile_Data/Only_PNG_Data/fp7/flood_mask/tile_17_58.tif
2025_Tile_Data/Only_PNG_Data/fp4/UAVSAR/tile_30_19.tif,2025_Tile_Data/Only_PNG_Data/fp4/flood_mask/tile_30_19.tif
2025_Tile_Data/Only_PNG_Data/fp5/UAVSAR/tile_39_25.tif,2025_Tile_Data/Only_PNG_Data/fp5/flood_mask/tile_39_25.tif
2025_Tile_Data/Only_PNG_Data/fp1/UAVSAR/tile_35_57.tif,2025_Tile_Data/Only_PNG_Data/fp1/flood_mask/tile_35_57.tif
2025_Tile_Data/Only_PNG_Data/fp1/UAVSAR/tile_28_57.tif,2025_Tile_Data/Only_PNG_Data/fp1/flood_mask/tile_28_57.tif
2025_Tile_Data/Only_PNG_Data/fp6/UAVSAR/tile_31_22.tif,2025_Tile_Data/Only_PNG_Data/fp6/flood_mask/tile_31_22.tif
2025_Tile_Data/Only_PNG_Data/fp5/UAVSAR/tile_43_32.tif,2025_Tile_Data/Only_PNG_Data/fp5/flood_mask/tile_43_32.tif
2025_Tile_Data/Only_PNG_Data/fp4/UAVSAR/tile_44_32.tif,2025_Tile_Data/Only_PNG_Data/fp4/flood_mask/tile_44_32.tif
2025_Tile_Data/Only_PNG_Data/fp5/UAVSAR/tile_29_16.tif,2025_Tile_Data/Only_PNG_Data/fp5/flood_mask/tile_29_16.tif
2025_Tile_Data/Only_PNG_Data/fp5/UAVSAR/tile_33_15.tif,2025_Tile_Data/Only_PNG_Data/fp5/flood_mask/tile_33_15.tif
2025_Tile_Data/Only_PNG_Data/fp6/UAVSAR/tile_40_35.tif,2025_Tile_Data/Only_PNG_Data/fp6/flood_mask/tile_40_35.tif
2025_Tile_Data/Only_PNG_Data/fp6/UAVSAR/tile_27_19.tif,2025_Tile_Data/Only_PNG_Data/fp6/flood_mask/tile_27_19.tif
2025_Tile_Data/Only_PNG_Data/fp5/UAVSAR/tile_33_19.tif,2025_Tile_Data/Only_PNG_Data/fp5/flood_mask/tile_33_19.tif
2025_Tile_Data/Only_PNG_Data/fp6/UAVSAR/tile_36_35.tif,2025_Tile_Data/Only_PNG_Data/fp6/flood_mask/tile_36_35.tif
2025_Tile_Data/Only_PNG_Data/fp5/UAVSAR/tile_46_32.tif,2025_Tile_Data/Only_PNG_Data/fp5/flood_mask/tile_46_32.tif
2025_Tile_Data/Only_PNG_Data/fp4/UAVSAR/tile_29_18.tif,2025_Tile_Data/Only_PNG_Data/fp4/flood_mask/tile_29_18.tif
2025_Tile_Data/Only_PNG_Data/fp3/UAVSAR/tile_40_36.tif,2025_Tile_Data/Only_PNG_Data/fp3/flood_mask/tile_40_36.tif
2025_Tile_Data/Only_PNG_Data/fp1/UAVSAR/tile_25_56.tif,2025_Tile_Data/Only_PNG_Data/fp1/flood_mask/tile_25_56.tif
2025_Tile_Data/Only_PNG_Data/fp6/UAVSAR/tile_35_31.tif,2025_Tile_Data/Only_PNG_Data/fp6/flood_mask/tile_35_31.tif
2025_Tile_Data/Only_PNG_Data/fp4/UAVSAR/tile_32_21.tif,2025_Tile_Data/Only_PNG_Data/fp4/flood_mask/tile_32_21.tif
2025_Tile_Data/Only_PNG_Data/fp4/UAVSAR/tile_38_31.tif,2025_Tile_Data/Only_PNG_Data/fp4/flood_mask/tile_38_31.tif
2025_Tile_Data/Only_PNG_Data/fp4/UAVSAR/tile_43_33.tif,2025_Tile_Data/Only_PNG_Data/fp4/flood_mask/tile_43_33.tif
2025_Tile_Data/Only_PNG_Data/fp5/UAVSAR/tile_34_20.tif,2025_Tile_Data/Only_PNG_Data/fp5/flood_mask/tile_34_20.tif
2025_Tile_Data/Only_PNG_Data/fp5/UAVSAR/tile_43_29.tif,2025_Tile_Data/Only_PNG_Data/fp5/flood_mask/tile_43_29.tif
2025_Tile_Data/Only_PNG_Data/fp5/UAVSAR/tile_41_24.tif,2025_Tile_Data/Only_PNG_Data/fp5/flood_mask/tile_41_24.tif
2025_Tile_Data/Only_PNG_Data/fp2/UAVSAR/tile_32_44.tif,2025_Tile_Data/Only_PNG_Data/fp2/flood_mask/tile_32_44.tif
2025_Tile_Data/Only_PNG_Data/fp6/UAVSAR/tile_30_22.tif,2025_Tile_Data/Only_PNG_Data/fp6/flood_mask/tile_30_22.tif
2025_Tile_Data/Only_PNG_Data/fp5/UAVSAR/tile_44_29.tif,2025_Tile_Data/Only_PNG_Data/fp5/flood_mask/tile_44_29.tif
2025_Tile_Data/Only_PNG_Data/fp6/UAVSAR/tile_30_23.tif,2025_Tile_Data/Only_PNG_Data/fp6/flood_mask/tile_30_23.tif
2025_Tile_Data/Only_PNG_Data/fp2/UAVSAR/tile_44_47.tif,2025_Tile_Data/Only_PNG_Data/fp2/flood_mask/tile_44_47.tif
2025_Tile_Data/Only_PNG_Data/fp2/UAVSAR/tile_28_47.tif,2025_Tile_Data/Only_PNG_Data/fp2/flood_mask/tile_28_47.tif
2025_Tile_Data/Only_PNG_Data/fp3/UAVSAR/tile_42_43.tif,2025_Tile_Data/Only_PNG_Data/fp3/flood_mask/tile_42_43.tif
2025_Tile_Data/Only_PNG_Data/fp4/UAVSAR/tile_43_29.tif,2025_Tile_Data/Only_PNG_Data/fp4/flood_mask/tile_43_29.tif
2025_Tile_Data/Only_PNG_Data/fp4/UAVSAR/tile_44_30.tif,2025_Tile_Data/Only_PNG_Data/fp4/flood_mask/tile_44_30.tif
2025_Tile_Data/Only_PNG_Data/fp4/UAVSAR/tile_39_28.tif,2025_Tile_Data/Only_PNG_Data/fp4/flood_mask/tile_39_28.tif
2025_Tile_Data/Only_PNG_Data/fp7/UAVSAR/tile_21_64.tif,2025_Tile_Data/Only_PNG_Data/fp7/flood_mask/tile_21_64.tif
2025_Tile_Data/Only_PNG_Data/fp3/UAVSAR/tile_38_36.tif,2025_Tile_Data/Only_PNG_Data/fp3/flood_mask/tile_38_36.tif
2025_Tile_Data/Only_PNG_Data/fp4/UAVSAR/tile_28_20.tif,2025_Tile_Data/Only_PNG_Data/fp4/flood_mask/tile_28_20.tif
2025_Tile_Data/Only_PNG_Data/fp5/UAVSAR/tile_39_22.tif,2025_Tile_Data/Only_PNG_Data/fp5/flood_mask/tile_39_22.tif
2025_Tile_Data/Only_PNG_Data/fp5/UAVSAR/tile_30_17.tif,2025_Tile_Data/Only_PNG_Data/fp5/flood_mask/tile_30_17.tif
2025_Tile_Data/Only_PNG_Data/fp6/UAVSAR/tile_28_21.tif,2025_Tile_Data/Only_PNG_Data/fp6/flood_mask/tile_28_21.tif
2025_Tile_Data/Only_PNG_Data/fp5/UAVSAR/tile_32_16.tif,2025_Tile_Data/Only_PNG_Data/fp5/flood_mask/tile_32_16.tif
2025_Tile_Data/Only_PNG_Data/fp2/UAVSAR/tile_46_46.tif,2025_Tile_Data/Only_PNG_Data/fp2/flood_mask/tile_46_46.tif
2025_Tile_Data/Only_PNG_Data/fp1/UAVSAR/tile_9_50.tif,2025_Tile_Data/Only_PNG_Data/fp1/flood_mask/tile_9_50.tif
2025_Tile_Data/Only_PNG_Data/fp1/UAVSAR/tile_18_53.tif,2025_Tile_Data/Only_PNG_Data/fp1/flood_mask/tile_18_53.tif
2025_Tile_Data/Only_PNG_Data/fp4/UAVSAR/tile_45_34.tif,2025_Tile_Data/Only_PNG_Data/fp4/flood_mask/tile_45_34.tif
2025_Tile_Data/Only_PNG_Data/fp4/UAVSAR/tile_35_22.tif,2025_Tile_Data/Only_PNG_Data/fp4/flood_mask/tile_35_22.tif
2025_Tile_Data/Only_PNG_Data/fp4/UAVSAR/tile_45_36.tif,2025_Tile_Data/Only_PNG_Data/fp4/flood_mask/tile_45_36.tif
2025_Tile_Data/Only_PNG_Data/fp4/UAVSAR/tile_33_19.tif,2025_Tile_Data/Only_PNG_Data/fp4/flood_mask/tile_33_19.tif
2025_Tile_Data/Only_PNG_Data/fp4/UAVSAR/tile_47_33.tif,2025_Tile_Data/Only_PNG_Data/fp4/flood_mask/tile_47_33.tif
2025_Tile_Data/Only_PNG_Data/fp4/UAVSAR/tile_45_31.tif,2025_Tile_Data/Only_PNG_Data/fp4/flood_mask/tile_45_31.tif
2025_Tile_Data/Only_PNG_Data/fp1/UAVSAR/tile_29_55.tif,2025_Tile_Data/Only_PNG_Data/fp1/flood_mask/tile_29_55.tif
2025_Tile_Data/Only_PNG_Data/fp3/UAVSAR/tile_27_26.tif,2025_Tile_Data/Only_PNG_Data/fp3/flood_mask/tile_27_26.tif
2025_Tile_Data/Only_PNG_Data/fp3/UAVSAR/tile_36_35.tif,2025_Tile_Data/Only_PNG_Data/fp3/flood_mask/tile_36_35.tif
2025_Tile_Data/Only_PNG_Data/fp3/UAVSAR/tile_44_47.tif,2025_Tile_Data/Only_PNG_Data/fp3/flood_mask/tile_44_47.tif
2025_Tile_Data/Only_PNG_Data/fp2/UAVSAR/tile_29_45.tif,2025_Tile_Data/Only_PNG_Data/fp2/flood_mask/tile_29_45.tif
2025_Tile_Data/Only_PNG_Data/fp5/UAVSAR/tile_32_18.tif,2025_Tile_Data/Only_PNG_Data/fp5/flood_mask/tile_32_18.tif
2025_Tile_Data/Only_PNG_Data/fp2/UAVSAR/tile_40_46.tif,2025_Tile_Data/Only_PNG_Data/fp2/flood_mask/tile_40_46.tif
2025_Tile_Data/Only_PNG_Data/fp2/UAVSAR/tile_40_49.tif,2025_Tile_Data/Only_PNG_Data/fp2/flood_mask/tile_40_49.tif
